{
  "input_feature_names": [
    "x",
    "y",
    "z",
    "t",
    "youngs_modulus",
    "poissons_ratio",
    "density",
    "thermal_expansion",
    "thermal_conductivity",
    "heat_capacity"
  ],
  "input_scaler": {
    "mean": [
      20.172922134399414,
      19.74205207824707,
      20.093286514282227,
      14.937095642089844,
      59996069888.0,
      0.25,
      2600.0,
      7.001888661761768e-06,
      2.8994760513305664,
      850.0
    ],
    "std": [
      12.314769744873047,
      12.290685653686523,
      12.275553703308105,
      8.67980670928955,
      3932160.0,
      1.0,
      1.0,
      1.0,
      0.0005240380996838212,
      1.0
    ]
  },
  "output_feature_names": [
    "temperature_k",
    "disp_x",
    "disp_y",
    "disp_z"
  ],
  "output_scaler": {
    "mean": [
      293.14996337890625,
      -8.014835461978009e-10,
      -3.742138543483264e-12,
      1.508035529695917e-05
    ],
    "std": [
      3.0517578125e-05,
      5.455772367213285e-08,
      5.493856392035923e-08,
      1.8357717635808513e-05
    ]
  }
}