{
  "input_channels": [
    "temperature_k",
    "disp_x",
    "disp_y",
    "disp_z",
    "youngs_modulus",
    "poissons_ratio",
    "density",
    "thermal_expansion",
    "thermal_conductivity",
    "thermal_density",
    "heat_capacity",
    "grid_valid_mask",
    "coord_x",
    "coord_y",
    "coord_z",
    "time_fraction"
  ],
  "target_channels": [
    "temperature_k",
    "disp_x",
    "disp_y",
    "disp_z"
  ],
  "field_names": [
    "temperature_k",
    "disp_x",
    "disp_y",
    "disp_z"
  ],
  "static_feature_names": [
    "youngs_modulus",
    "poissons_ratio",
    "density",
    "thermal_expansion",
    "thermal_conductivity",
    "thermal_density",
    "heat_capacity"
  ],
  "mask_names": [
    "grid_valid_mask"
  ],
  "normalization": {
    "mode": "channel_wise_standardization",
    "input": {
      "channel_names": [
        "temperature_k",
        "disp_x",
        "disp_y",
        "disp_z",
        "youngs_modulus",
        "poissons_ratio",
        "density",
        "thermal_expansion",
        "thermal_conductivity",
        "thermal_density",
        "heat_capacity",
        "grid_valid_mask",
        "coord_x",
        "coord_y",
        "coord_z",
        "time_fraction"
      ],
      "mean": [
        293.1494140625,
        3.5771297035580574e-08,
        4.571089284866048e-09,
        -1.3842040061717853e-05,
        40000000000.0,
        0.25,
        2600.0,
        7.999999979801942e-06,
        2.0999999046325684,
        2600.0,
        900.0,
        1.0,
        -1.4901161193847656e-08,
        -1.4901161193847656e-08,
        -0.5,
        0.4615873098373413
      ],
      "std": [
        0.017049606889486313,
        1.397943742631469e-05,
        1.388360124110477e-05,
        2.794309148157481e-05,
        1.0,
        1.0,
        1.0,
        1.0,
        1.0,
        1.0,
        1.0,
        1.0,
        0.2978416979312897,
        0.2978416979312897,
        1.0,
        0.29357510805130005
      ],
      "min": [
        293.05230712890625,
        -6.977241719141603e-05,
        -7.295088289538398e-05,
        -0.00015001371502876282,
        40000000000.0,
        0.25,
        2600.0,
        7.999999979801942e-06,
        2.0999999046325684,
        2600.0,
        900.0,
        1.0,
        -0.5,
        -0.5,
        -0.5,
        0.0
      ],
      "max": [
        293.24493408203125,
        6.882258458063006e-05,
        7.543709216406569e-05,
        3.365756856510416e-05,
        40000000000.0,
        0.25,
        2600.0,
        7.999999979801942e-06,
        2.0999999046325684,
        2600.0,
        900.0,
        1.0,
        0.5,
        0.5,
        -0.5,
        0.9523809552192688
      ],
      "units": {
        "temperature_k": "K",
        "disp_x": "m",
        "disp_y": "m",
        "disp_z": "m",
        "youngs_modulus": "Pa",
        "poissons_ratio": "1",
        "density": "kg/m^3",
        "thermal_expansion": "1/K",
        "thermal_conductivity": "W/(m*K)",
        "thermal_density": "Pa",
        "heat_capacity": "J/(kg*K)",
        "grid_valid_mask": "normalized",
        "coord_x": "normalized",
        "coord_y": "normalized",
        "coord_z": "normalized",
        "time_fraction": "normalized"
      }
    },
    "target": {
      "channel_names": [
        "temperature_k",
        "disp_x",
        "disp_y",
        "disp_z"
      ],
      "mean": [
        293.14923095703125,
        5.190673491028974e-08,
        1.5846307377387348e-08,
        -1.506187800259795e-05
      ],
      "std": [
        0.017436539754271507,
        1.4949044270906597e-05,
        1.4836491573078092e-05,
        2.913793287007138e-05
      ],
      "min": [
        293.05029296875,
        -7.868198736105114e-05,
        -7.361087773460895e-05,
        -0.00016752885130699724
      ],
      "max": [
        293.24713134765625,
        6.909784860908985e-05,
        8.126997272484004e-05,
        2.7720747311832383e-05
      ],
      "units": {
        "temperature_k": "K",
        "disp_x": "m",
        "disp_y": "m",
        "disp_z": "m"
      }
    }
  }
}