{
  "input_channel_names": [
    "x",
    "y",
    "z",
    "temperature_k",
    "disp_x",
    "disp_y",
    "disp_z",
    "vel_x",
    "vel_y",
    "vel_z",
    "youngs_modulus",
    "poissons_ratio",
    "density",
    "thermal_expansion",
    "thermal_conductivity",
    "heat_capacity"
  ],
  "input_scaler": {
    "mean": [
      -0.0019507689867168665,
      0.0020918454974889755,
      0.0,
      389.5828552246094,
      -4.3022864701924846e-06,
      2.9440441267070128e-06,
      0.0,
      -0.011511478573083878,
      -0.005717153660953045,
      0.0,
      27389845504.0,
      0.2245759516954422,
      2568.347900390625,
      1.0097035556100309e-05,
      5.25173807144165,
      779.521728515625
    ],
    "std": [
      0.25242218375205994,
      0.25292277336120605,
      1.0,
      281.1043701171875,
      0.0002459347597323358,
      0.00024016230599954724,
      1.0,
      7.871143341064453,
      7.941592216491699,
      1.0,
      46912839680.0,
      0.01728358305990696,
      1395.0474853515625,
      3.7035698596810107e-07,
      11.55538558959961,
      77.52912902832031
    ]
  },
  "target_channel_names": [
    "temperature_k",
    "disp_x",
    "disp_y",
    "disp_z"
  ],
  "target_scaler": {
    "mean": [
      389.5828552246094,
      -4.3022864701924846e-06,
      2.9440441267070128e-06,
      0.0
    ],
    "std": [
      281.1043701171875,
      0.0002459347597323358,
      0.00024016230599954724,
      1.0
    ]
  }
}