{
  "input_feature_names": [
    "x",
    "y",
    "z",
    "t",
    "youngs_modulus",
    "poissons_ratio",
    "density",
    "thermal_expansion",
    "thermal_conductivity",
    "heat_capacity"
  ],
  "input_scaler": {
    "mean": [
      0.00013891776325181127,
      0.002784909214824438,
      0.0,
      0.0007838830351829529,
      58304610304.0,
      0.25399884581565857,
      2914.69384765625,
      7.699924026383087e-06,
      5.522604465484619,
      838.72802734375
    ],
    "std": [
      0.25155743956565857,
      0.2517564594745636,
      1.0,
      0.002008008072152734,
      42039595008.0,
      0.017723191529512405,
      1324.167724609375,
      1.6037670320656616e-06,
      11.600894927978516,
      102.91342163085938
    ]
  },
  "output_feature_names": [
    "temperature_k",
    "disp_x",
    "disp_y",
    "disp_z"
  ],
  "output_scaler": {
    "mean": [
      390.23095703125,
      -3.893360826623393e-06,
      1.439498760191782e-06,
      0.0
    ],
    "std": [
      277.8090515136719,
      0.00021568195370491594,
      0.00021028885385021567,
      1.0
    ]
  }
}