{
  "input_channel_names": [
    "x",
    "y",
    "z",
    "temperature_k",
    "disp_x",
    "disp_y",
    "disp_z",
    "vel_x",
    "vel_y",
    "vel_z",
    "youngs_modulus",
    "poissons_ratio",
    "density",
    "thermal_expansion",
    "thermal_conductivity",
    "heat_capacity"
  ],
  "input_scaler": {
    "mean": [
      -0.0019540938083082438,
      0.0020901900716125965,
      0.0,
      387.906005859375,
      -2.9100378924340475e-06,
      1.2878539337179973e-06,
      0.0,
      -0.01363863330334425,
      -0.002222581533715129,
      0.0,
      69474492416.0,
      0.2526112496852875,
      2942.30078125,
      7.296317107829964e-06,
      5.905510425567627,
      826.2295532226562
    ],
    "std": [
      0.2524229884147644,
      0.25291576981544495,
      1.0,
      274.518798828125,
      0.00020642616436816752,
      0.00020185632456559688,
      1.0,
      13.803962707519531,
      13.6690673828125,
      1.0,
      35801370624.0,
      0.009876498021185398,
      1296.2762451171875,
      1.111083747673547e-06,
      11.382430076599121,
      89.87583923339844
    ]
  },
  "target_channel_names": [
    "temperature_k",
    "disp_x",
    "disp_y",
    "disp_z"
  ],
  "target_scaler": {
    "mean": [
      387.906005859375,
      -2.9100378924340475e-06,
      1.2878539337179973e-06,
      0.0
    ],
    "std": [
      274.518798828125,
      0.00020642616436816752,
      0.00020185632456559688,
      1.0
    ]
  }
}