{
  "input_channel_names": [
    "x",
    "y",
    "z",
    "temperature_k",
    "disp_x",
    "disp_y",
    "disp_z",
    "vel_x",
    "vel_y",
    "vel_z",
    "youngs_modulus",
    "poissons_ratio",
    "density",
    "thermal_expansion",
    "thermal_conductivity",
    "heat_capacity"
  ],
  "input_scaler": {
    "mean": [
      -0.0019540938083082438,
      0.0020901900716125965,
      0.0,
      388.0824279785156,
      -2.7885607778443955e-06,
      1.230965267495776e-06,
      0.0,
      -0.013586199842393398,
      0.00020137194951530546,
      0.0,
      69474492416.0,
      0.2711881399154663,
      3009.12939453125,
      6.3605480136175174e-06,
      5.44699239730835,
      846.7947387695312
    ],
    "std": [
      0.2524229884147644,
      0.25291576981544495,
      1.0,
      274.58929443359375,
      0.00020287747611291707,
      0.00019843981135636568,
      1.0,
      13.485069274902344,
      13.435185432434082,
      1.0,
      35801370624.0,
      0.004939540289342403,
      1278.98779296875,
      1.3579865481005982e-06,
      11.508581161499023,
      108.91262817382812
    ]
  },
  "target_channel_names": [
    "temperature_k",
    "disp_x",
    "disp_y",
    "disp_z"
  ],
  "target_scaler": {
    "mean": [
      388.0824279785156,
      -2.7885607778443955e-06,
      1.230965267495776e-06,
      0.0
    ],
    "std": [
      274.58929443359375,
      0.00020287747611291707,
      0.00019843981135636568,
      1.0
    ]
  }
}