{
  "input_channel_names": [
    "x",
    "y",
    "z",
    "temperature_k",
    "disp_x",
    "disp_y",
    "disp_z",
    "vel_x",
    "vel_y",
    "vel_z",
    "youngs_modulus",
    "poissons_ratio",
    "density",
    "thermal_expansion",
    "thermal_conductivity",
    "heat_capacity"
  ],
  "input_scaler": {
    "mean": [
      -0.0019540938083082438,
      0.0020901900716125965,
      0.0,
      387.7284851074219,
      -3.0934247661207337e-06,
      1.519421857665293e-06,
      0.0,
      -0.01593167521059513,
      0.03857209533452988,
      0.0,
      50756198400.0,
      0.2526112496852875,
      2942.30078125,
      8.225969395425636e-06,
      5.159535884857178,
      873.13037109375
    ],
    "std": [
      0.2524229884147644,
      0.25291576981544495,
      1.0,
      273.98193359375,
      0.00021550986275542527,
      0.0002106329338857904,
      1.0,
      15.995865821838379,
      15.917994499206543,
      1.0,
      40739930112.0,
      0.009876498021185398,
      1296.2762451171875,
      8.641733870717871e-07,
      11.580245018005371,
      102.21867370605469
    ]
  },
  "target_channel_names": [
    "temperature_k",
    "disp_x",
    "disp_y",
    "disp_z"
  ],
  "target_scaler": {
    "mean": [
      387.7284851074219,
      -3.0934247661207337e-06,
      1.519421857665293e-06,
      0.0
    ],
    "std": [
      273.98193359375,
      0.00021550986275542527,
      0.0002106329338857904,
      1.0
    ]
  }
}