{
  "input_feature_names": [
    "x",
    "y",
    "z",
    "t",
    "youngs_modulus",
    "poissons_ratio",
    "density",
    "thermal_expansion",
    "thermal_conductivity",
    "heat_capacity"
  ],
  "input_scaler": {
    "mean": [
      -0.0024080697912722826,
      -0.0015237462939694524,
      0.06843025982379913,
      0.0008018466760404408,
      53489205248.0,
      0.25278547406196594,
      2753.119140625,
      7.579875273222569e-06,
      4.101131439208984,
      850.7866821289062
    ],
    "std": [
      0.25200843811035156,
      0.2515534460544586,
      0.2868981659412384,
      0.002038768492639065,
      33222938624.0,
      0.016837982460856438,
      995.711669921875,
      1.4786099882257986e-06,
      8.682519912719727,
      83.54205322265625
    ]
  },
  "output_feature_names": [
    "temperature_k",
    "disp_x",
    "disp_y",
    "disp_z"
  ],
  "output_scaler": {
    "mean": [
      366.76690673828125,
      6.2958207536212285e-09,
      5.745088174080593e-07,
      5.328293627826497e-05
    ],
    "std": [
      238.4822235107422,
      0.0001223145955009386,
      0.0001245573948835954,
      0.00028456319705583155
    ]
  }
}