{
  "input_channel_names": [
    "x",
    "y",
    "z",
    "temperature_k",
    "disp_x",
    "disp_y",
    "disp_z",
    "vel_x",
    "vel_y",
    "vel_z",
    "youngs_modulus",
    "poissons_ratio",
    "density",
    "thermal_expansion",
    "thermal_conductivity",
    "heat_capacity"
  ],
  "input_scaler": {
    "mean": [
      -0.0019972871523350477,
      -7.155538241931936e-06,
      0.07746315747499466,
      391.6444091796875,
      -4.355205192041467e-07,
      3.563533255146467e-07,
      9.307963773608208e-05,
      -0.0008633541874587536,
      -0.0007906106184236705,
      0.01691068895161152,
      33101361152.0,
      0.2259189784526825,
      2728.861083984375,
      1.0148835826839786e-05,
      6.64243745803833,
      769.572021484375
    ],
    "std": [
      0.24407729506492615,
      0.24428384006023407,
      0.28317752480506897,
      247.7134246826172,
      0.00014123909932095557,
      0.00014076729712542146,
      0.00046848109923303127,
      5.237922191619873,
      5.226118564605713,
      5.327633857727051,
      55730876416.0,
      0.020544417202472687,
      1656.89306640625,
      4.4013822275701386e-07,
      13.72492504119873,
      92.10281372070312
    ]
  },
  "target_channel_names": [
    "temperature_k",
    "disp_x",
    "disp_y",
    "disp_z"
  ],
  "target_scaler": {
    "mean": [
      391.6444091796875,
      -4.355205192041467e-07,
      3.563533255146467e-07,
      9.307963773608208e-05
    ],
    "std": [
      247.7134246826172,
      0.00014123909932095557,
      0.00014076729712542146,
      0.00046848109923303127
    ]
  }
}