{
  "input_feature_names": [
    "x",
    "y",
    "z",
    "t",
    "youngs_modulus",
    "poissons_ratio",
    "density",
    "thermal_expansion",
    "thermal_conductivity",
    "heat_capacity"
  ],
  "input_scaler": {
    "mean": [
      -0.0011387632694095373,
      -0.0006953490665182471,
      0.0652703270316124,
      0.000809921941254288,
      53488136192.0,
      0.2526824474334717,
      2752.32666015625,
      7.578354143333854e-06,
      4.099287986755371,
      850.8134765625
    ],
    "std": [
      0.2528858184814453,
      0.25283750891685486,
      0.2858900725841522,
      0.0020521373953670263,
      33205981184.0,
      0.016856741160154343,
      995.3099975585938,
      1.4794810567764216e-06,
      8.674677848815918,
      83.39091491699219
    ]
  },
  "output_feature_names": [
    "temperature_k",
    "disp_x",
    "disp_y",
    "disp_z"
  ],
  "output_scaler": {
    "mean": [
      366.781494140625,
      -4.502028261299529e-08,
      -2.9797897127537e-07,
      5.2360290283104405e-05
    ],
    "std": [
      238.29885864257812,
      0.000123337289551273,
      0.0001222733553731814,
      0.00028139431378804147
    ]
  }
}