{
  "input_channels": [
    "temperature_k",
    "disp_x",
    "disp_y",
    "disp_z",
    "youngs_modulus",
    "poissons_ratio",
    "density",
    "thermal_expansion",
    "thermal_conductivity",
    "thermal_density",
    "heat_capacity",
    "grid_valid_mask",
    "coord_x",
    "coord_y",
    "coord_z",
    "time_fraction"
  ],
  "target_channels": [
    "temperature_k",
    "disp_x",
    "disp_y",
    "disp_z"
  ],
  "field_names": [
    "temperature_k",
    "disp_x",
    "disp_y",
    "disp_z"
  ],
  "static_feature_names": [
    "youngs_modulus",
    "poissons_ratio",
    "density",
    "thermal_expansion",
    "thermal_conductivity",
    "thermal_density",
    "heat_capacity"
  ],
  "mask_names": [
    "grid_valid_mask"
  ],
  "normalization": {
    "mode": "channel_wise_standardization",
    "input": {
      "channel_names": [
        "temperature_k",
        "disp_x",
        "disp_y",
        "disp_z",
        "youngs_modulus",
        "poissons_ratio",
        "density",
        "thermal_expansion",
        "thermal_conductivity",
        "thermal_density",
        "heat_capacity",
        "grid_valid_mask",
        "coord_x",
        "coord_y",
        "coord_z",
        "time_fraction"
      ],
      "mean": [
        298.2474365234375,
        -7.655916647308914e-07,
        1.5152527055306564e-07,
        0.0,
        40644530176.0,
        0.2501562535762787,
        2620.5078125,
        8.013671504158992e-06,
        2.283203125,
        2620.5078125,
        898.3828125,
        1.0,
        -1.4901161193847656e-08,
        -1.4901161193847656e-08,
        0.0,
        0.4615873098373413
      ],
      "std": [
        68.43172454833984,
        0.00011927214654861018,
        0.0001192983690998517,
        1.0,
        10292338688.0,
        0.002495111897587776,
        327.4834899902344,
        2.1832235574947845e-07,
        2.9255192279815674,
        327.4834899902344,
        25.824413299560547,
        1.0,
        0.2978416979312897,
        0.2978416979312897,
        1.0,
        0.29357510805130005
      ],
      "min": [
        291.1638488769531,
        -0.0006848389166407287,
        -0.0007372338441200554,
        0.0,
        40000000000.0,
        0.25,
        2600.0,
        7.999999979801942e-06,
        2.0999999046325684,
        2600.0,
        486.0,
        1.0,
        -0.5,
        -0.5,
        0.0,
        0.0
      ],
      "max": [
        1500.0,
        0.0007674297667108476,
        0.0006924463086761534,
        0.0,
        204999999488.0,
        0.28999999165534973,
        7850.0,
        1.1500000255182385e-05,
        49.0,
        7850.0,
        900.0,
        1.0,
        0.5,
        0.5,
        0.0,
        0.9523809552192688
      ],
      "units": {
        "temperature_k": "K",
        "disp_x": "m",
        "disp_y": "m",
        "disp_z": "m",
        "youngs_modulus": "Pa",
        "poissons_ratio": "1",
        "density": "kg/m^3",
        "thermal_expansion": "1/K",
        "thermal_conductivity": "W/(m*K)",
        "thermal_density": "Pa",
        "heat_capacity": "J/(kg*K)",
        "grid_valid_mask": "normalized",
        "coord_x": "normalized",
        "coord_y": "normalized",
        "coord_z": "normalized",
        "time_fraction": "normalized"
      }
    },
    "target": {
      "channel_names": [
        "temperature_k",
        "disp_x",
        "disp_y",
        "disp_z"
      ],
      "mean": [
        298.2316589355469,
        -7.616144444000383e-07,
        1.6157983395714837e-07,
        0.0
      ],
      "std": [
        68.18326568603516,
        0.00012096128921257332,
        0.00012080310989404097,
        1.0
      ],
      "min": [
        291.1638488769531,
        -0.0006848389166407287,
        -0.0007372338441200554,
        0.0
      ],
      "max": [
        1382.726806640625,
        0.0007674297667108476,
        0.0006924463086761534,
        0.0
      ],
      "units": {
        "temperature_k": "K",
        "disp_x": "m",
        "disp_y": "m",
        "disp_z": "m"
      }
    }
  }
}