{
  "input_feature_names": [
    "x",
    "y",
    "z",
    "t",
    "youngs_modulus",
    "poissons_ratio",
    "density",
    "thermal_expansion",
    "thermal_conductivity",
    "heat_capacity"
  ],
  "input_scaler": {
    "mean": [
      20.21489143371582,
      19.796875,
      20.148338317871094,
      15.017677307128906,
      60087685120.0,
      0.25,
      2595.441650390625,
      6.991199370531831e-06,
      2.9034793376922607,
      848.657958984375
    ],
    "std": [
      12.275432586669922,
      12.30797290802002,
      12.254992485046387,
      8.675257682800293,
      87675864.0,
      1.0,
      4.555928707122803,
      1.0,
      0.003481209510937333,
      1.341804027557373
    ]
  },
  "output_feature_names": [
    "temperature_k",
    "disp_x",
    "disp_y",
    "disp_z"
  ],
  "output_scaler": {
    "mean": [
      293.1499328613281,
      -1.4245946089452843e-10,
      -7.800219498088623e-11,
      1.4939902939659078e-05
    ],
    "std": [
      6.103515625e-05,
      5.302892702729878e-08,
      5.3371319808093176e-08,
      1.8304379409528337e-05
    ]
  }
}